{
    "Band_1": {
        "min": 0.023916974663734436,
        "max": 1.0217117071151733,
        "mean": 0.1337539553642273,
        "std": 0.06066860258579254,
        "p2": 0.06502427160739899,
        "p98": 0.2423790693283081
    },
    "Band_2": {
        "min": 0.0010987860150635242,
        "max": 0.9171766042709351,
        "mean": 0.0969734713435173,
        "std": 0.04753240570425987,
        "p2": 0.042486391961574554,
        "p98": 0.1948373019695282
    },
    "Band_3": {
        "min": -0.007242269814014435,
        "max": 1.0314315557479858,
        "mean": 0.09263895452022552,
        "std": 0.051147304475307465,
        "p2": 0.03496747836470604,
        "p98": 0.21290066838264465
    }
}