{
    "Band_1": {
        "min": 12.0,
        "max": 239.0,
        "mean": 101.77872779721119,
        "std": 41.4341008265866,
        "p2": 34.0,
        "p98": 197.0
    },
    "Band_2": {
        "min": 4.0,
        "max": 238.0,
        "mean": 95.41308631271612,
        "std": 40.43901485795028,
        "p2": 28.0,
        "p98": 189.0
    },
    "Band_3": {
        "min": 0.0,
        "max": 243.0,
        "mean": 88.12106385778208,
        "std": 41.9895349888927,
        "p2": 23.0,
        "p98": 186.0
    }
}